Fecha,Tipo de norma,Iniciativa legislativa,Categoría,Temática,Estatus,Fase,Etiqueta,Subido,Directiva,Reglamento,Contenido de la etiqueta / * (La directiva europea y/o el reglamento de la UE no es lo principal de la iniciativa),BOCG,BOE,Entrada vigor,Comentarios,
10/2025,Anteproyecto,Anteproyecto de Ley de Administración Abierta,Aviso,,En tramitación,Aprobado en primera vuelta por Consejo de Ministros,No,,,,sigue las recomendaciones contenidas en los informes de la Comisión Europea sobre el Mecanismo de Estado de Derecho,,,,https://www.lamoncloa.gob.es/consejodeministros/referencias/Paginas/2025/20251007-referencia-rueda-de-prensa-ministros.aspx#abierto,
10/2025,Proyecto de ley,"Proyecto de ley de modificación parcial de la Ley 39/2015, de 1 de octubre, del Procedimiento Administrativo Común de las Administraciones Públicas, y de la Ley 40/2015, de 1 de octubre, de Régimen Jurídico del Sector Público, en materia de responsabilidad patrimonial del Estado legislador por daños derivados de la infracción del Derecho de la Unión Europea.",Trasposición,Derechos y regeneración democrática,En tramitación,Aprobado en segunda vuelta por Consejo de Ministros,sí,,,,,,,,,
9/2025,Real decreto-ley,"Real Decreto-ley 10/2025, de 23 de septiembre, por el que se adoptan medidas urgentes contra el genocidio en Gaza y de apoyo a la población palestina",Aviso,Otros,Concluida,Pendiente de convalidación,No,,,,,,,,,
9/2025,Proyecto de ley,"Proyecto de Ley por la que se amplía el permiso de nacimiento y cuidado, mediante la modificación del texto refundido de la Ley del Estatuto de los Trabajadores, aprobado por el Real Decreto Legislativo 2/2015, de 23 de octubre, el texto refundido de la Ley del Estatuto Básico del Empleado Público, aprobado por el Real Decreto Legislativo 5/2015, de 30 de octubre, y el texto refundido de la Ley General de la Seguridad Social, aprobado por el Real Decreto Legislativo 8/2015, de 30 de octubre, para completar la transposición de la Directiva (UE) 2019/1158 del Parlamento Europeo y del Consejo, de 20 de junio de 2019, relativa a la conciliación de la vida familiar y la vida profesional de los progenitores y los cuidadores, y por la que se deroga la Directiva 2010/18/UE del Consejo (procedente del Real Decreto-ley 9/2025, de 29 de julio).",Trasposición,Pol Social y Empleo,En tramitación,"Comisión de Trabajo, Eco. Social, Inclusión, S.Social y Migraciones (Enmiendas)",Sí,,(UE) 2019/1158,,"Completa la transposición de la Directiva (UE) 2019/1158 del Parlamento Europeo y del Consejo, relativa a la conciliación de la vida familiar y la vida profesional de los progenitores y los cuidadores",https://www.congreso.es/es/proyectos-de-ley?p_p_id=iniciativas&p_p_lifecycle=0&p_p_state=normal&p_p_mode=view&_iniciativas_mode=mostrarDetalle&_iniciativas_legislatura=XV&_iniciativas_id=121/000069,,,,
8/2025,Proposición de ley,Proposición de Ley de reconversión del Organismo Autónomo Agencia de Información y Control Alimentarios en la Agencia Estatal de Inspección de la Cadena Alimentaria.,Aviso,"Agricult, Pesca, Alimentacion",En tramitación,Gobierno Contestación,No,,(UE) 2019/633,,"La Proposición establece que la nueva AICA sea punto de contacto para la cooperación transfronteriza y asistencia mutua entre autoridades en el ámbito aplicación de la Directiva (UE) 2019/633 relativa a las prácticas comerciales desleales en las relaciones entre empresas en la cadena de suministro agrícola y alimentario (incorporada a España por la Ley 16/2021, de 14 de diciembre). La AICA se modifica ahora para asegurar financiación suficiente para desarrollar proyectos mayores.",https://www.congreso.es/es/proposiciones-de-ley?p_p_id=iniciativas&p_p_lifecycle=0&p_p_state=normal&p_p_mode=view&_iniciativas_mode=mostrarDetalle&_iniciativas_legislatura=XV&_iniciativas_id=122/000216,,,,
7/2025,Proposición de ley,Proposición de Ley sobre control y regulación de la publicidad y contratación de los pisos turísticos.,Trasposición,Vivienda,En tramitación,Pleno toma en consideración,Sí,SÍ,,2024/1028,"La proposición complementa la aplicación del Reglamento (UE) 2024/1028 sobre la recogida y el intercambio de datos relativos a los servicios de alquiler de alojamientos de corta duración y del Real Decreto 1312/2024, por el que se regula el procedimiento de Registro Único de Arrendamientos y se crea la Ventanilla Única Digital de Arrendamientos. La propuesta regula las condiciones en las que las empresas prestadoras de servicios podrán anunciar, publicitar y arrendar viviendas de uso turístico. ",https://www.congreso.es/es/proposiciones-de-ley?p_p_id=iniciativas&p_p_lifecycle=0&p_p_state=normal&p_p_mode=view&_iniciativas_mode=mostrarDetalle&_iniciativas_legislatura=XV&_iniciativas_id=122/000214,,,,
7/2025,Real decreto-ley,"Real decreto-ley 9/2025, de 29 de julio, por el que se amplía el permiso de nacimiento y cuidado, mediante la modificación del texto refundido de la Ley del Estatuto de los Trabajadores, aprobado por el Real Decreto Legislativo 2/2015, de 23 de octubre, el texto refundido de la Ley del Estatuto Básico del Empleado Público, aprobado por el Real Decreto Legislativo 5/2015, de 30 de octubre, y el texto refundido de la Ley General de la Seguridad Social, aprobado por el Real Decreto Legislativo 8/2015, de 30 de octubre, para completar la transposición de la Directiva (UE) 2019/1158 del Parlamento Europeo y del Consejo, de 20 de junio de 2019, relativa a la conciliación de la vida familiar y la vida profesional de los progenitores y los cuidadores, y por la que se deroga la Directiva 2010/18/UE del Consejo.",Trasposición,Pol Social y Empleo,Concluida,Convalidado y tramitado como proyecto de ley,Sí,SÍ,(UE) 2019/1158,,"Completa la transposición de la Directiva (UE) 2019/1158 del Parlamento Europeo y del Consejo, relativa a la conciliación de la vida familiar y la vida profesional de los progenitores y los cuidadores",,https://www.boe.es/boe/dias/2025/07/30/pdfs/BOE-A-2025-15741.pdf,31/07/2025,https://www.lamoncloa.gob.es/consejodeministros/referencias/Paginas/2025/20250729-referencia-consejo-de-ministros.aspx#nacimiento,
7/2025,Proyecto de ley,Proyecto de Ley de información clasificada,Aviso,"Interior, Defensa y Seguridad",En tramitación,Comisión Constitucional (Enmiendas),No,,,,"Atiende a recomendaciones de la Comisión Europea. El proyecto responde al derecho que tienen los ciudadanos a conocer información sensible, siempre que no afecte a la seguridad y a la defensa.",https://www.congreso.es/es/proyectos-de-ley?p_p_id=iniciativas&p_p_lifecycle=0&p_p_state=normal&p_p_mode=view&_iniciativas_mode=mostrarDetalle&_iniciativas_legislatura=XV&_iniciativas_id=121/000067,,,,
7/2025,Anteproyecto,Anteproyecto de Ley Orgánica reguladora del derecho al secreto de los profesionales de la información y de los prestadores de servicios de medios de comunicación,Trasposición,Derechos y regeneración democrática,En tramitación,Aprobado en primera vuelta por Consejo de Ministros,Sí,,,2024/1083,"Se alinea con el Reglamento (UE) 2024/1083 sobre libertad de los medios de comunicación (EMFA), que obliga a los Estados miembros a garantizar una protección efectiva del secreto profesional.",,,,https://www.lamoncloa.gob.es/consejodeministros/referencias/Paginas/2025/20250722-referencia-consejo-de-ministros.aspx#secretoprofesional,
7/2025,Proposición de ley,Proposición de Ley para la protección del consumidor frente a la comercialización fraudulenta de carne sintética y harinas de insectos.,Aviso,"Agricult, Pesca, Alimentacion",En tramitación,Gobierno Contestación,No,,,853/2004; 1308/2013; 2015/2283 y 178/2002,"Se apoya en el marco legal regulado por:
Se apoya en el marco legal regulado por:
- Reglamento (UE) 853/2004 relativo a las normas específicas de higiene de los alimentos de origen animal 
- Reglamento (UE) 1308/2013 sobre productos agrarios 
- Reglamento (UE) 2015/2283 relativo a los nuevos alimentos
- Reglamento (CE) 178/2002 relativo al principio de cautela",https://www.congreso.es/es/proposiciones-de-ley?p_p_id=iniciativas&p_p_lifecycle=0&p_p_state=normal&p_p_mode=view&_iniciativas_mode=mostrarDetalle&_iniciativas_legislatura=XV&_iniciativas_id=122/000210,,,,
6/2025,Real decreto-ley,"Real Decreto-ley 7/2025, de 24 de junio, por el que se aprueban medidas urgentes para el refuerzo del sistema eléctrico.",Trasposición,Energia,Decaída,Derogado,Sí,SÍ,(UE) 2023/2413 y (UE) 2019/944,2023/1804 y 2024/1747,"Incorpora parcialmente las Directivas:

- La Directiva (UE) 2023/2413 relacionada con la promoción de energía procedente de fuentes renovables.
- La Directiva 2019/944 sobre normas comunes para el mercado interior de la electricidad.

Además sigue la línea del Reglamento (UE) 2023/1804 relativo a la implantación de una infraestructura de combustibles alternativos, y el Reglamento (UE) 2024/1747, que establece el marco para evaluar periódicamente las necesidades de flexibilidad del sistema eléctrico de los Estados miembros.",https://www.congreso.es/es/busqueda-de-iniciativas?p_p_id=iniciativas&p_p_lifecycle=0&p_p_state=normal&p_p_mode=view&_iniciativas_mode=mostrarDetalle&_iniciativas_legislatura=XV&_iniciativas_id=130/000021,https://www.boe.es/boe/dias/2025/06/25/pdfs/BOE-A-2025-12857.pdf,25/06/2025,,
6/2025,Proposición de ley,Proposición de Ley sobre la prohibición de la acuicultura con pulpos en España,Aviso,"Agricult, Pesca, Alimentacion",En tramitación,Pleno toma en consideración,No,SÍ,,,Se basa en el principio de precaución y cautela recogido por el TFUE y por la Comunicación de la Comisión Europea de 2000,https://www.congreso.es/es/proposiciones-de-ley?p_p_id=iniciativas&p_p_lifecycle=0&p_p_state=normal&p_p_mode=view&_iniciativas_mode=mostrarDetalle&_iniciativas_legislatura=XV&_iniciativas_id=122/000202,,,,
6/2025,Proposición de ley,Proposición de Ley de Conciliación y Corresponsabilidad Familiar.,Aviso,Pol Social y Empleo,En tramitación,Pleno toma en consideración,No,,(UE) 2019/1158,,Se apoya en la Directiva Europea 2019/1158 relativa a la conciliación de la vida familiar y profesional de los progenitores y cuidadores,https://www.congreso.es/es/proposiciones-de-ley?p_p_id=iniciativas&p_p_lifecycle=0&p_p_state=normal&p_p_mode=view&_iniciativas_mode=mostrarDetalle&_iniciativas_legislatura=XV&_iniciativas_id=122/000203,,,,
6/2025,Proposición de ley,Proposición de Ley en apoyo del sistema alimentario español como sector estratégico esencial de la economía,Aviso,"Agricult, Pesca, Alimentacion",En tramitación,Pleno toma en consideración,No,,,2021/2115,"* Apuesta por la agricutlura del carbono, en línea con el Pacto Verde Europeo y la Comunicación de la Comisión sobre ciclos de carbono sostenibles (COM(2021) 800 final). También establece ayudas para explotaciones agrarias en situación de crisis (Reglamento (UE) 2021/2115). También se refiere a los nuevos instrumentos presentados en 2025 por la Comisión Europea: «Brújula de la Competitividad», «Clean Industrial Deal» y el «Plan de Acción para una Energía Asequible».",https://www.congreso.es/es/proposiciones-de-ley?p_p_id=iniciativas&p_p_lifecycle=0&p_p_state=normal&p_p_mode=view&_iniciativas_mode=mostrarDetalle&_iniciativas_legislatura=XV&_iniciativas_id=122/000204,,,,
6/2025,Anteproyecto,Anteproyecto de Ley para garantizar productos libres de deforestación,Trasposición,"Sostenibilidad, CClimático, Econ Circular",En tramitación,Aprobado en primera vuelta por Consejo de Ministros,Si,,,,"Aplica el Reglamento EUDR, relativo a la comercialización de productos libres de deforestación, y el Reglamento FLEGT sobre aplicación de leyes, gobernanza y comercio forestales, que establece un sistema de licencias para la importación de madera en la UE.",,,,https://www.lamoncloa.gob.es/consejodeministros/referencias/Paginas/2025/20250617-referencia-rueda-de-prensa-ministros.aspx#bosques,
6/2025,Proposición de ley,Proposición de Ley sobre el cumplimiento de las obligaciones internacionales de no reconocimiento y no asistencia a situaciones de ocupación ilegal de territorios.,Aviso,Otros,En tramitación,Pleno toma en consideración,No,,,,Se refiere a varias sentencias del Tribunal de Justicia de la UE para justificar la ilegalidad de la ocupación de Israel sobre territorios palestinos,https://www.congreso.es/es/proposiciones-de-ley?p_p_id=iniciativas&p_p_lifecycle=0&p_p_state=normal&p_p_mode=view&_iniciativas_mode=mostrarDetalle&_iniciativas_legislatura=XV&_iniciativas_id=122/000199,,,,
6/2025,Proyecto de ley,"Proyecto de Ley por la que se modifican la Ley 58/2003, de 17 de diciembre, General Tributaria, en materia de prescripción, recaudación, asistencia mutua y obligaciones de información; la Ley 35/2006, de 28 de noviembre, del Impuesto sobre la Renta de las Personas Físicas y de modificación parcial de las leyes de los Impuestos sobre Sociedades, sobre la Renta de no Residentes y sobre el Patrimonio, y la Ley 29/1987, de 18 de diciembre, del Impuesto sobre Sucesiones y Donaciones.",Trasposición,Fiscalidad,En tramitación,Comisión de Hacienda y Función Pública (Enmiendas),Sí,SÍ,(UE) 2023/2226,,"Traspone la Directiva europea 2023/2226 (DAC8, por la 8ª modificación de la directiva original), que modifica la Directiva 2011/16/UE, relativa a la cooperación administrativa en el ámbito de la fiscalidad",https://www.congreso.es/es/proyectos-de-ley?p_p_id=iniciativas&p_p_lifecycle=0&p_p_state=normal&p_p_mode=view&_iniciativas_mode=mostrarDetalle&_iniciativas_legislatura=XV&_iniciativas_id=121/000060,,,https://www.hacienda.gob.es/GabineteMinistro/Notas%20Prensa/2024/CONSEJO-MINISTROS/17-09-24-NP-DAC8-Directiva-UE.pdf,
5/2025,Proyecto de ley,"Proyecto de Ley por la que se modifica la Ley 28/1990, de 26 de diciembre, por la que se aprueba el Convenio Económico entre el Estado y la Comunidad Foral de Navarra",Trasposición,Fiscalidad,Concluida,Aprobado con modificaciones,Sí,SÍ,(UE) 2022/2523,,"Incluye en el Convenio Económico de Navarra nuevas figuras tributarias, como el impuesto Complementario derivado de la transposición de la Directiva (UE) 2022/2523, que establece un impuesto mínimo global del 15% para los grupos de empresas multinacionales y nacionales de gran magnitud en la UE.",https://www.congreso.es/es/proyectos-de-ley?p_p_id=iniciativas&p_p_lifecycle=0&p_p_state=normal&p_p_mode=view&_iniciativas_mode=mostrarDetalle&_iniciativas_legislatura=XV&_iniciativas_id=121/000061,https://www.boe.es/boe/dias/2025/07/25/pdfs/BOE-A-2025-15423.pdf,26/07/2025,,
5/2025,Proposición de ley,Proposición de Ley para impulsar el alquiler de viviendas a precios asequibles.,Aviso,Vivienda,En tramitación,Pleno toma en consideración,No,,(UE) 2025/516,,"Sigue la línea trazada por Directiva (UE) 2025/516, aún sin transponer en España, en lo que respecta a las normas del IVA en la era digital. La directiva permitirá a los Estados miembros gravar los arrendamientos de viviendas de corta duración en determinadas zonas",https://www.congreso.es/es/proposiciones-de-ley?p_p_id=iniciativas&p_p_lifecycle=0&p_p_state=normal&p_p_mode=view&_iniciativas_mode=mostrarDetalle&_iniciativas_legislatura=XV&_iniciativas_id=122/000196,,,,
5/2025,Anteproyecto,Anteproyecto de Ley de Protección y Resiliencia de Entidades Críticas,Trasposición,"Interior, Defensa y Seguridad",En tramitación,Aprobado en primera vuelta por Consejo de Ministros,Sí,,(UE) 2022/2557,,Transpone la Directiva 2022/2557 relativa a la resiliencia de entidades críticas,,,,,
5/2025,Proyecto de ley,"Proyecto de Ley por la que se crea la Agencia Estatal de Salud Pública y se modifica la Ley 33/2011, de 4 de octubre, General de Salud Pública. (121/000054)",Aviso,Sanidad y Consumo,Concluida,Aprobado con modificaciones,No,,,528/2012,"Establece una serie de tasas a los servicios y actividades realizados en materia de plaguicidas de uso ambiental y en la industria alimentaria, así como para todos los biocidas en general, en aplicación del Reglamento (UE) n.º 528/2012",https://www.congreso.es/es/proyectos-de-ley?p_p_id=iniciativas&p_p_lifecycle=0&p_p_state=normal&p_p_mode=view&_iniciativas_mode=mostrarDetalle&_iniciativas_legislatura=XV&_iniciativas_id=121/000054,https://www.boe.es/boe/dias/2025/07/29/pdfs/BOE-A-2025-15652.pdf,30/07/2025,,
5/2025,Proposición de ley,Proposición de Ley para el reconocimiento de los derechos de las personas intersexuales y de las personas no binarias.,Aviso,Derechos y regeneración democrática,En tramitación,Pleno toma en consideración,No,,,,Sigue la línea trazada por la Comisión Europea en su «Estrategia de Igualdad LGBTIQ 2020-2025» y por la Resolución 2019 del Parlamento Europeo sobre los derechos de las personas intersexuales,https://www.congreso.es/es/proposiciones-de-ley?p_p_id=iniciativas&p_p_lifecycle=0&p_p_state=normal&p_p_mode=view&_iniciativas_mode=mostrarDetalle&_iniciativas_legislatura=XV&_iniciativas_id=122/000180,,,,
4/2025,Proposición de ley,Proposición de Ley para garantizar la aportación de la energía nuclear en la descarbonización del sistema energético.,Aviso,Energia,En tramitación,Comisión de Transición Ecológica y Reto Demográfico Enmiendas,No,,,2024/1735,"La proposición alude al Reglamento (UE) 2024/1735 que establece un marco de medidas para reforzar el ecosistema europeo de fabricación de tecnologías de cero emisiones netas. También a las sugerencias recogidas en el Informe Draghi (""El futuro de la competitividad europea"") presentado por la Comisión Europea",https://www.congreso.es/es/proposiciones-de-ley?p_p_id=iniciativas&p_p_lifecycle=0&p_p_state=normal&p_p_mode=view&_iniciativas_mode=mostrarDetalle&_iniciativas_legislatura=XV&_iniciativas_id=122/000179,,,,
4/2025,Proyecto de ley,Proyecto de Ley Orgánica para la protección de las personas menores de edad en los entornos digitales.,Aviso,"Interior, Defensa y Seguridad",En tramitación,Comisión de Justicia (Enmiendas),No,,,2022/2065,Algunos preceptos se desarrollan en el marco del Reglamento (UE) 2022/2065 relativo a un mercado único de servicios digitales. También alude a las recomendaciones recogidas en la Estrategia para los Derechos de la Infancia 2021-2024 para proteger a los menores de edad en los entornos digitales ,https://www.congreso.es/es/proyectos-de-ley?p_p_id=iniciativas&p_p_lifecycle=0&p_p_state=normal&p_p_mode=view&_iniciativas_mode=mostrarDetalle&_iniciativas_legislatura=XV&_iniciativas_id=121/000052,,,,
4/2025,Real decreto-ley,"Real Decreto-ley 3/2025, de 1 de abril, por el que se establece el programa de incentivos ligados a la movilidad eléctrica (MOVES III) para el año 2025.",Aviso,"Transporte, Movilidad",Concluida,Convalidado y tramitado como proyecto de ley,Si,SÍ,,2023/1315,"El programa MOVES III se ajusta al Reglamento (UE) 2023/1315 de la Comisión, de 23 de junio de 2023, en lo que se refiere a determinadas categorías de ayudas compatibles con el mercado interior",https://www.congreso.es/es/busqueda-de-iniciativas?p_p_id=iniciativas&p_p_lifecycle=0&p_p_state=normal&p_p_mode=view&_iniciativas_mode=mostrarDetalle&_iniciativas_legislatura=XV&_iniciativas_id=130/000017,https://www.boe.es/boe/dias/2025/04/01/pdfs/BOE-A-2025-6596.pdf,2/04/2025,,
4/2025,Proyecto de ley,"Proyecto de Ley Orgánica por la que se modifica la Ley Orgánica 5/1985, de 19 de junio, del Régimen Electoral General",Aviso,Derechos y regeneración democrática,En tramitación,Comisión Constitucional (Enmiendas),No,,,,"El proyecto plantea la modificación de leyes anteriores, como parte del Plan de Acción por la Democracia, que a su vez responde a las recomendaciones adoptadas por la Comisión Europea en 2020 y 2023 para dotar de mayor transparencia a los sistemas democráticos europeos.",https://www.congreso.es/es/proyectos-de-ley?p_p_id=iniciativas&p_p_lifecycle=0&p_p_state=normal&p_p_mode=view&_iniciativas_mode=mostrarDetalle&_iniciativas_legislatura=XV&_iniciativas_id=121/000063,,,https://www.interior.gob.es/opencms/pdf/servicios-al-ciudadano/participacion-ciudadana/Participacion-publica-en-proyectos-normativos/Audiencia-e-informacion-publica/09_2025_Anteproyecto_LO_modificacion_LOREG.pdf,
3/2025,Proposición de ley,"Proposición de Ley por la que se modifica la Ley 1/2005, de 9 de marzo, por la que se regula el régimen del comercio de derechos de emisión de gases de efecto invernadero.",Trasposición,"Sostenibilidad, CClimático, Econ Circular",En tramitación,Comisión de Transición Ecológica y Reto Demográfico Enmiendas,Sí,SÍ,(UE) 2018/410 y 2003/87/CE,,"Transpone al ordenamiento jurídico español las modificaciones recientes de la Directiva 2003/87/CE, en particular las introducidas por la Directiva (UE) 2018/410, que busca reforzar el RCDE UE para contribuir a los objetivos de reducción de emisiones establecidos en el Acuerdo de París.",https://www.congreso.es/es/proposiciones-de-ley?p_p_id=iniciativas&p_p_lifecycle=0&p_p_state=normal&p_p_mode=view&_iniciativas_mode=mostrarDetalle&_iniciativas_legislatura=XV&_iniciativas_id=122/000170,,,,
3/2025,Proyecto de ley,"Proyecto de Ley de administradores y compradores de créditos y por la que se modifican la Ley de Medidas de Reforma del Sistema Financiero, la Ley de contratos de crédito al consumo, la Ley de ordenación, supervisión y solvencia de entidades de crédito, la Ley reguladora de los contratos de crédito inmobiliario, y el texto refundido de la Ley Concursal.",Trasposición,Fiscalidad,En tramitación,"Comisión de Economía, Comercio y Transformación Digital Enmiendas",Sí,SÍ,(UE) 2021/2167,,"La iniciativa traslada a nuestro marco legislativo la Directiva (UE) 2021/2167 sobre los administradores de créditos y los compradores de créditos, que establece un marco común y unos requisitos a los administradores y a los compradores de créditos.",https://www.congreso.es/es/proyectos-de-ley?p_p_id=iniciativas&p_p_lifecycle=0&p_p_state=normal&p_p_mode=view&_iniciativas_mode=mostrarDetalle&_iniciativas_legislatura=XV&_iniciativas_id=121/000049,,,https://portal.mineco.gob.es/RecursosArticulo/mineco/ministerio/participacion_publica/audiencia/ficheros/ECO_Tes_20240516_AP_APL_AdmComCredito.pdf,
3/2025,Proyecto de ley,Proyecto de Ley de acciones colectivas para la protección y defensa de los derechos e intereses de los consumidores y usuarios,Trasposición,Sanidad y Consumo,En tramitación,Comisión de Justicia Enmiendas,Si,SÍ,(UE) 2020/1828,,"Transpone la Directiva (UE) 2020/1828, relativa a las acciones de representación para la protección de los intereses colectivos de los consumidores,",https://www.congreso.es/es/proyectos-de-ley?p_p_id=iniciativas&p_p_lifecycle=0&p_p_state=normal&p_p_mode=view&_iniciativas_mode=mostrarDetalle&_iniciativas_legislatura=XV&_iniciativas_id=121/000048,,,,
2/2025,Proyecto de ley,Proyecto de ley que impulsa la gobernanza democrática en servicios digitales y crea el registro de medios de comunicación,Trasposición,Derechos y regeneración democrática,En tramitación,"Comisión de Economía, Comercio y Transformación Digital (Enmiendas)",Si,SÍ,,,Se adapta a los reglamentos europeos de servicios digitales (DSA) y de libertad de medios de comunicación (EMFA),https://www.congreso.es/es/proyectos-de-ley?p_p_id=iniciativas&p_p_lifecycle=0&p_p_state=normal&p_p_mode=view&_iniciativas_mode=mostrarDetalle&_iniciativas_legislatura=XV&_iniciativas_id=121/000068,,,https://digital.gob.es/dam/es/portalmtdfp/comunicacion/sala-de-prensa/comunicacion_ministro/2025/02/2025-02-25/NdPCminDSAEMFA.pdf,https://www.lamoncloa.gob.es/consejodeministros/referencias/Paginas/2025/20250729-referencia-consejo-de-ministros.aspx#gobernanza
2/2025,Proposición de ley,Proposición de Ley para la actualización de los precios en los contratos del sector público,Aviso, Adm. Publica,En tramitación,Pleno toma en consideración,No,,(UE) 2014/23 y (UE) 2014/24,,"Esta propuesta modifica la Ley 9/2017 de Contratos del Sector Público que transpone las Directivas 2014/23/UE y 2014/24/UE. La propuesta incluye un nuevo artículo que hace extensiva la actualización de precios a todos los contratos del sector público y que, a su vez, excluye a los contratos de concesión de obras y servicios para no contravenir las previsiones de la Directiva 2014/23/UE relativa a la adjudicación de contratos de concesión.",https://www.congreso.es/es/proposiciones-de-ley?p_p_id=iniciativas&p_p_lifecycle=0&p_p_state=normal&p_p_mode=view&_iniciativas_mode=mostrarDetalle&_iniciativas_legislatura=XV&_iniciativas_id=122/000158,,,,
1/2025,Proyecto de ley,Proyecto de Ley de transparencia e integridad de las actividades de los grupos de interés.,Aviso,Derechos y regeneración democrática,En tramitación,Comisión de Hacienda y Función Pública (enmiendas),No,,,,"Se enmarca en el Plan de Acción por la Democracia Europea y el Libro Verde sobre la iniciativa europea en favor de la transparencia del que naciera el Registro de Transparencia en la UE, que defiende que las actividades de los grupos de presión deben ser públicas y transparentes.",https://www.congreso.es/es/proyectos-de-ley?p_p_id=iniciativas&p_p_lifecycle=0&p_p_state=normal&p_p_mode=view&_iniciativas_mode=mostrarDetalle&_iniciativas_legislatura=XV&_iniciativas_id=121/000046,,,,
1/2025,Proposición de ley,"Proposición de Ley Orgánica para garantizar el funcionamiento de las secciones de los Tribunales de Instancia y de las Audiencias provinciales en materia de violencia sobre la mujer, así como la especialización de los jueces y magistrados destinados en ellas.",Aviso,Justicia,Decaída,Rechazado,No,,(UE) 2024/1385,,Se enmarca en la Directiva 2024/1385 sobre lucha contra la violencia contra las mujeres y la violencia doméstica y también en el Convenio del Consejo de Europa para prevenir y combatir la violencia contra la mujer y la violencia doméstica,https://www.congreso.es/es/proposiciones-de-ley?p_p_id=iniciativas&p_p_lifecycle=0&p_p_state=normal&p_p_mode=view&_iniciativas_mode=mostrarDetalle&_iniciativas_legislatura=XV&_iniciativas_id=122/000149,,,,
1/2025,Proposición de ley,Proposición de Ley Orgánica de garantía y protección de los derechos fundamentales frente al acoso derivado de acciones judiciales abusivas.,Aviso,Justicia,En tramitación,Pleno toma en consideración,No,,(UE) 2024/1069,,"Se apoya en la Directiva (UE) 2024/1069 del Parlamento Europeo y del Consejo, de 11 de abril de 2024, relativa a la protección de las personas que se implican en la participación pública frente a pretensiones manifiestamente infundadas o acciones judiciales abusivas. ",https://www.congreso.es/es/proposiciones-de-ley?p_p_id=iniciativas&p_p_lifecycle=0&p_p_state=normal&p_p_mode=view&_iniciativas_mode=mostrarDetalle&_iniciativas_legislatura=XV&_iniciativas_id=122/000147,,,,
1/2025,Proyecto de ley,"Proyecto de Ley Orgánica por la que se modifica la Ley Orgánica 6/1985, de 1 de julio, del Poder Judicial, y la Ley 50/1981, de 30 de diciembre, por la que se regula el Estatuto Orgánico del Ministerio Fiscal, para la ampliación y fortalecimiento de las carreras judicial y fiscal.",Trasposición,Justicia,En tramitación,Comisión de Justicia Informe,No,,(UE) 1999/70/CE,,"El proyecto completa la incorporación al derecho español de la Directiva 1999/70/CE del Consejo, de 28 de junio de 1999, en lo relativo al trabajo de duración determinada, en el ámbito de la Administración de Justicia. Sistematiza un proceso de estabilización de los jueces sustitutos y fiscales interinos, en respuesta a los requerimientos de la Comisión Europea, que pidió a España reducir la temporalidad excesiva en las carreras judicial y fiscal",https://www.congreso.es/es/proyectos-de-ley?p_p_id=iniciativas&p_p_lifecycle=0&p_p_state=normal&p_p_mode=view&_iniciativas_mode=mostrarDetalle&_iniciativas_legislatura=XV&_iniciativas_id=121/000059,,,,
1/2025,Anteproyecto,Anteproyecto de Ley de Coordinación y Gobernanza de la Ciberseguridad,Trasposición,"Interior, Defensa y Seguridad",En tramitación,Aprobado en primera vuelta por Consejo de Ministros,Si,,(UE) 2022/2555,,"Incorpora la Directiva (UE) 2022/2555, conocida como NIS-2, que incluye que garantiza más ciberseguridad en la UE",,,,,
LEYES 2025,,,,,,,,,,,,,,,,
12/2024,Real decreto-ley,"Real Decreto-ley 10/2024, de 23 de diciembre, para el establecimiento de un gravamen temporal energético durante el año 2025",Aviso,Energia,Decaída,Derogado por el Congreso,No,,(UE) 2018/1999,,"Referencias a las normativas sobre ayudas estatales de la Unión Europea y al Reglamento (UE) 2018/1999 y Plan REPowerEU, sobre los que se apoya para establecer el gravamen energético",,https://www.boe.es/buscar/doc.php?id=BOE-A-2024-26916,25/12/2024,,
12/2024,Real decreto-ley,"Real Decreto-ley 9/2024, de 23 de diciembre, por el que se adoptan medidas urgentes en materia económica, tributaria, de transporte, y de Seguridad Social, y se prorrogan determinadas medidas para hacer frente a situaciones de vulnerabilidad social.",Trasposición,Mercado Interior,Decaída,Derogado por el Congreso,Si,,,2022/2065,"El RDL adapta la Ley 34/2002 al Reglamento 2022/2065, conocido como ""Ley de Servicios Digitales (DSA)"", que establece un mercado único de servicios digitales. La ley nacional designa a la Comisión Nacional de los Mercados y la Competencia (CNMC) como coordinadora de servicios digitales y responsable de controlar el cumplimiento del reglamento.",,https://www.boe.es/buscar/doc.php?id=BOE-A-2024-26915,25/12/2024,,
12/2024,Proyecto de ley,Proyecto de Ley de Industria y Autonomía Estratégica.,Trasposición,Otros,En tramitación,Comisión de Industria y Turismo (Enmiendas),Si,SÍ,,2024/1252 y 2024/1735 ,"Se adapta a varios reglamentos europeos, especialmente al Reglamento (UE) 2024/1252 que establece un marco para garantizar un suministro seguro y sostenible de materias primas fundamentales y al Reglamento (UE) 2024/1735 relativo a la fabricación de tecnologías de cero emisiones netas",https://www.congreso.es/es/proyectos-de-ley?p_p_id=iniciativas&p_p_lifecycle=0&p_p_state=normal&p_p_mode=view&_iniciativas_mode=mostrarDetalle&_iniciativas_legislatura=XV&_iniciativas_id=121/000043,,,,
12/2024,Anteproyecto,Anteproyecto de Ley para regular el régimen de infracciones y sanciones aplicable a los productos paneuropeos de pensiones individuales (PEPP).,Trasposición,Pol Social y Empleo,En tramitación,Aprobado en primera vuelta por Consejo de Ministros,si,,,2019/1238,"Se adapta al Reglamento (UE) 2019/1238 del Parlamento Europeo y del Consejo, de 20 de junio de 2019, relativo a un producto paneuropeo de pensiones individuales (PEPP).",,,,,
12/2024,Anteproyecto,Anteproyecto de ley de digitalización y modernización del sector financiero,Trasposición,Fiscalidad,En tramitación,Aprobado en primera vuelta por Consejo de Ministros,Sí,,,,Se adapta al Reglamento DORA; al Reglamento MiCA y la normativa europea sobre criptoactivos; al reglamento europeo de pagos instantáneos; a la normativa actual a la creación del Punto de Acceso Único Europeo (PAUE).,,,,,
11/2024,Proyecto de ley,Proyecto de Ley integral de impulso de la economía social,Aviso,Pol Social y Empleo,En tramitación,"Comisión de Trabajo, Eco. Social (Informe)",No,,,,"Adecuación y actualización de normas relacionadas con la economía social, en línea con las nuevas circunstancias económicas y sociales y con el Plan de Acción Europeo para la Economía Social",https://www.congreso.es/es/proyectos-de-ley?p_p_id=iniciativas&p_p_lifecycle=0&p_p_state=normal&p_p_mode=view&_iniciativas_mode=mostrarDetalle&_iniciativas_legislatura=XV&_iniciativas_id=121%2F000036,,,,
11/2024,Proposición de ley,"Proposición de Ley de modificación de la Ley 7/2022, de 8 de abril, de residuos y suelos contaminados para una economía circular",Aviso,"Sostenibilidad, CClimático, Econ Circular",Decaída,Decaído,No,,,,"Propuesta de modificación de la ley de redisuos y suelos urbanos para aliviar la presión económica sobre las empresas (especialmente en el sector agrícola) derivada de la transposición de la directiva marco de residuos y la directiva de plásticos de un solo uso, sin que vaya en detrimento de los objetivos de sostenibilidad de la UE",https://www.congreso.es/es/proposiciones-de-ley?p_p_id=iniciativas&p_p_lifecycle=0&p_p_state=normal&p_p_mode=view&_iniciativas_mode=mostrarDetalle&_iniciativas_legislatura=XV&_iniciativas_id=122%2F000140,Presentada por el Grupo Parlamentario Popular en el Congreso. Decaída después. Se retoma ahora presentada por el Senado.,,,
10/2024,Anteproyecto,Anteproyecto de Ley por la que se modifican los criterios de tamaño de las empresas o grupos de empresas a efectos de información corporativa,Trasposición,"Empresa, Competitividad",En tramitación,Aprobado en primera vuelta por Consejo de Ministros,Sí,,(UE) 2023/2775,,Directiva (UE) 2023/2775,,,,,
10/2024,Proyecto de ley,"Proyecto de Ley de información empresarial sobre sostenibilidad, mediante la que se modifican el Código de Comercio, la Ley de Sociedades de Capital y la Ley de Auditoría de Cuentas.",Trasposición,"Empresa, Competitividad",En tramitación,Comisión de Justicia (enmiendas),Sí,SÍ,(UE) 2022/2464,,Directiva (UE) 2022/2464,https://www.congreso.es/es/proyectos-de-ley?p_p_id=iniciativas&p_p_lifecycle=0&p_p_state=normal&p_p_mode=view&_iniciativas_mode=mostrarDetalle&_iniciativas_legislatura=XV&_iniciativas_id=121%2F000038,,,,
10/2024,Proposición de ley,"Proposición de Ley de modificación de la Ley 24/2013, de 26 de diciembre, del Sector Eléctrico y la Ley 34/1998, de 7 de octubre, del sector de hidrocarburos para armonizar la información a incluir en las páginas web, contratos y facturas de electricidad y gas en relación a la resolución alternativa de litigios en materia de consumo.",Aviso,Energia,En tramitación,Comisión de Transición Ecológica (informe),No,,(UE) 2013/11,,Modifica leyes del sector eléctrico y de hidrocarburos apoyándose en la Directiva 2013/11 /UE sobre resolución alternativa de litigios en materia de consumo,https://www.congreso.es/es/proposiciones-de-ley?p_p_id=iniciativas&p_p_lifecycle=0&p_p_state=normal&p_p_mode=view&_iniciativas_mode=mostrarDetalle&_iniciativas_legislatura=XV&_iniciativas_id=122%2F000130,,,,
10/2024,Proposición de ley,Proposición de Ley de Conciliación y Corresponsabilidad Familiar.,Aviso,Pol Social y Empleo,Decaída,Decaído,No,,(UE) 2019/1158,,Se apoya en la Directiva Europea 2019/1158 relativa a la conciliación de la vida familiar y profesional de los progenitores y cuidadores,https://www.congreso.es/es/proposiciones-de-ley?p_p_id=iniciativas&p_p_lifecycle=0&p_p_state=normal&p_p_mode=view&_iniciativas_mode=mostrarDetalle&_iniciativas_legislatura=XV&_iniciativas_id=122%2F000129,,,,
10/2024,Proyecto de ley,"Proyecto de Ley de restablecimiento de la Comisión Nacional de la Energía, A.A.I.",Aviso,Energia,En tramitación,Comisión de Transición Ecológica (Enmiendas),No,,,2018/1999,"A nivel europeo se basa en el Reglamento (UE) 2018/1999 sobre Gobernanza de la Unión de la Energía y de la Acción por el Clima, el Pacto Verde Europeo y el amplio paquete legislativo que lo desarrolla (conocido como Fit for 55).",https://www.congreso.es/es/proyectos-de-ley?p_p_id=iniciativas&p_p_lifecycle=0&p_p_state=normal&p_p_mode=view&_iniciativas_mode=mostrarDetalle&_iniciativas_legislatura=XV&_iniciativas_id=121%2F000035,,,,
9/2024,Proposición de ley,"Proposición de Ley Orgánica para abordar la recuperación urgente por parte de las personas trabajadoras de los derechos de conciliación eliminados por la Ley Orgánica 2/2024, de 1 de agosto, de representación paritaria y presencia equilibrada de mujeres y hombres.",Trasposición,Pol Social y Empleo,En tramitación,Pleno toma en consideración,Sí,SÍ,(UE) 2019/1158,,No es transposición pero exige la rectificación de leyes aprobadas para la correcta aplicación de la Directiva 2019/1158 sobre concliliación de vida personal y profesional,https://www.congreso.es/es/proposiciones-de-ley?p_p_id=iniciativas&p_p_lifecycle=0&p_p_state=normal&p_p_mode=view&_iniciativas_mode=mostrarDetalle&_iniciativas_legislatura=XV&_iniciativas_id=122%2F000127,,,,
9/2024,Otros,El CMin ha aprobado el 'Plan de Acción por la Democracia' con 31 medidas a implementar en 3 años,Trasposición,,En tramitación,Aprobado por Consejo Ministros,,,,,Adapta la normativa española al Reglamento Europeo sobre la Libertad de los Medios de Comunicación - EMFA (Ley de Medios),,,,,
7/2024,Proposición de ley,Proposición de Ley en apoyo del sistema alimentario español como sector estratégico esencial de la economía,Aviso,"Agricult, Pesca, Alimentacion",Decaída,Decaído (disconformidad del Gobierno con su tramitación),No,,,2021/2115,"* Apuesta por la agricutlura del carbono, en línea con el Pacto Verde Europeo y la Comunicación de la Comisión sobre ciclos de carbono sostenibles (COM(2021) 800 final). También establece ayudas para explotaciones agrarias en situación de crisis (Reglamento (UE) 2021/2115)",https://www.congreso.es/es/proposiciones-de-ley?p_p_id=iniciativas&p_p_lifecycle=0&p_p_state=normal&p_p_mode=view&_iniciativas_mode=mostrarDetalle&_iniciativas_legislatura=XV&_iniciativas_id=122%2F000121,,,,
6/2024,Otros,"Ley Orgánica 1/2024, de 10 de junio, de amnistía para la normalización institucional, política y social en Cataluña.",Aviso,Justicia,Concluida,Aprobado con modificaciones,No,,(UE) 2017/541,,* Una nueva versión de la propuesta de ley se ampara en las pautas marcadas por la jurisprudencia europea y por la Directiva (UE) 2017/541 de 15 de marzo de 2017 relativa a la lucha contra el terrorismo,https://www.congreso.es/es/proposiciones-de-ley?p_p_id=iniciativas&p_p_lifecycle=0&p_p_state=normal&p_p_mode=view&_iniciativas_mode=mostrarDetalle&_iniciativas_legislatura=XV&_iniciativas_id=122%2F000019,https://www.boe.es/buscar/act.php?id=BOE-A-2024-11776,11/06/2024,,
6/2024,Proyecto de ley,"Proyecto de Ley por la que se adoptan medidas urgentes para la simplificación y mejora del nivel asistencial de la protección por desempleo, y para completar la transposición de la Directiva (UE) 2019/1158 del Parlamento Europeo y del Consejo, de 20 de junio de 2019, relativa a la conciliación de la vida familiar y la vida profesional de los progenitores y los cuidadores, y por la que se deroga la Directiva 2010/18/UE del Consejo (procedente del Real Decreto-ley 2/2024, de 21 de mayo).",Trasposición,Pol Social y Empleo,En tramitación,"En comisión de Trabajo, Eco. Social (enmiendas)",Sí,SÍ,,,La norma incorpora por completo la directiva europea que recoge una serie de medidas para la conciliación familiar y profesional de los progenitores y los cuidadores.,https://www.congreso.es/es/proyectos-de-ley?p_p_id=iniciativas&p_p_lifecycle=0&p_p_state=normal&p_p_mode=view&_iniciativas_mode=mostrarDetalle&_iniciativas_legislatura=XV&_iniciativas_id=121%2F000027,,,,
6/2024,Real decreto-ley,"RDL 4/2024, de 26 de junio, por el que se prorrogan determinadas medidas para afrontar las consecuencias económicas y sociales derivadas de los conflictos en Ucrania y Oriente Próximo y se adoptan medidas urgentes en materia fiscal, energética y social.",Aviso,Medidas Economicas,Concluida,Convalidado y tramitado como proyecto de ley,No,,,,* sigue recomendaciones de la Comisión Europea en cuanto a recorte del IVA de determinados productos y rebajas en el IRPF,https://www.congreso.es/es/busqueda-de-iniciativas?p_p_id=iniciativas&p_p_lifecycle=0&p_p_state=normal&p_p_mode=view&_iniciativas_mode=mostrarDetalle&_iniciativas_legislatura=XV&_iniciativas_id=130/000007,https://www.boe.es/buscar/act.php?id=BOE-A-2024-12944,28/06/2024,,
6/2024,Proyecto de ley,Proyecto de Ley del Cine y de la Cultura Audiovisual,Aviso,"Cultura, Deporte",En tramitación,En la comisión de Cultura (enmiendas),No,,,651/2014,"* Establece ayudas al cine en línea con el Programa MEDIA de Europa Creativa, con la Comunicación (2013/C 332/01) de la Comisión y con el Reglamento (UE) 651/2014. También protege el patrimonio cinematográfico en línea con la Recomendación de la Comisión Europea de 27 de octubre de 2011 sobre digitalización y accesibilidad.",https://www.congreso.es/es/proyectos-de-ley?p_p_id=iniciativas&p_p_lifecycle=0&p_p_state=normal&p_p_mode=view&_iniciativas_mode=mostrarDetalle&_iniciativas_legislatura=XV&_iniciativas_id=121%2F000026,,,,
6/2024,Proyecto de ley,"Proyecto de Ley por la que se modifica la Ley 1/2005, de 9 de marzo, por la que se regula el régimen del comercio de derechos de emisión de gases de efecto invernadero",Trasposición,"Sostenibilidad, CClimático, Econ Circular",Decaída,Retirado,Sí,,(UE) 2023/959 y (UE) 2023/958 ,2023/956 y 2023/957,"Traspone las Directivas 2023/959 y 2023/958 y los Reglamentos 2023/956 y 2023/957, que incluyen medidas para reducir emisiones en 2030 e imponer un precio al carbono emitido.",https://www.congreso.es/es/proyectos-de-ley?p_p_id=iniciativas&p_p_lifecycle=0&p_p_state=normal&p_p_mode=view&_iniciativas_mode=mostrarDetalle&_iniciativas_legislatura=XV&_iniciativas_id=121%2F000025,,,,
6/2024,Proyecto de ley,"Proyecto de Ley por la que se modifican el texto refundido de la Ley sobre responsabilidad civil y seguro en la circulación de vehículos a motor, aprobado por el Real Decreto Legislativo 8/2004, de 29 de octubre, y la Ley 20/2015, de 14 de julio, de ordenación, supervisión y solvencia de las entidades aseguradoras y reaseguradoras",Trasposición,"Transporte, Movilidad",Concluida,Aprobada con modificaciones,Sí,SÍ,,,"El texto traspone la directiva europea de seguros de automóviles, que busca mejorar el sistema de valoración de indemnizaciones por daños personales y, también, asegurar la cobertura en casos de insolvencia de la aseguradora.",https://www.congreso.es/es/proyectos-de-ley?p_p_id=iniciativas&p_p_lifecycle=0&p_p_state=normal&p_p_mode=view&_iniciativas_mode=mostrarDetalle&_iniciativas_legislatura=XV&_iniciativas_id=121/000022,https://www.boe.es/boe/dias/2025/07/25/pdfs/BOE-A-2025-15424.pdf,26/07/2025,,
6/2024,Otros,"Ley 7/2024, de 20 de diciembre, por la que se establecen un Impuesto Complementario para garantizar un nivel mínimo global de imposición para los grupos multinacionales y los grupos nacionales de gran magnitud, un Impuesto sobre el margen de intereses y comisiones de determinadas entidades financieras y un Impuesto sobre los líquidos para cigarrillos electrónicos y otros productos relacionados con el tabaco, y se modifican otras normas tributarias.",Trasposición,Fiscalidad,Concluida,Aprobada con modificaciones,Sí,SÍ,,,Se traspone la directiva europea que establece un impuesto mínimo global del 15% para los grupos de empresas multinacionales y nacionales de gran magnitud en la Unión Europea.,https://www.congreso.es/es/proyectos-de-ley?p_p_id=iniciativas&p_p_lifecycle=0&p_p_state=normal&p_p_mode=view&_iniciativas_mode=mostrarDetalle&_iniciativas_legislatura=XV&_iniciativas_id=121/000023,https://www.boe.es/boe/dias/2024/12/21/pdfs/BOE-A-2024-26694.pdf,22/12/2024,,
5/2024,Real decreto-ley,"RDL 2/2024, de 21 de mayo, por el que se adoptan medidas urgentes para la simplificación y mejora del nivel asistencial de la protección por desempleo, y para completar la transposición de la Directiva (UE) 2019/1158 del Parlamento Europeo y del Consejo, de 20 de junio de 2019, relativa a la conciliación de la vida familiar y la vida profesional de los progenitores y los cuidadores, y por la que se deroga la Directiva 2010/18/UE del Consejo",Trasposición,Pol Social y Empleo,Concluida,Convalidado y tramitado como proyecto de ley,Sí,SÍ,,,La norma incorpora por completo la directiva europea que recoge una serie de medidas para la conciliación familiar y profesional de los progenitores y los cuidadores.,https://www.congreso.es/es/busqueda-de-iniciativas?p_p_id=iniciativas&p_p_lifecycle=0&p_p_state=normal&p_p_mode=view&_iniciativas_mode=mostrarDetalle&_iniciativas_legislatura=XV&_iniciativas_id=130/000005,https://www.boe.es/buscar/pdf/2024/BOE-A-2024-10235-consolidado.pdf,23/05/2024,,
5/2024,Proyecto de ley,"Ley 8/2025, de 29 de septiembre, por la que se modifican la Ley 48/1960, de 21 de julio, sobre Navegación Aérea, y la Ley 21/2003, de 7 de julio, de Seguridad Aérea.",Trasposición,"Transporte, Movilidad",Concluida,Aprobada con modificaciones,Si,,,2018/1139 y 376/2014,"Actualiza la normativa para cumplir con tres reglamentos, el de notificación de sucesos en aviación (UE) 376/2014, el de normas comunes de la aviación civil (UE) 2018/1139 y el de normas comunes para servicios aéreos en la UE (CE) 1008/2008.  ",https://www.congreso.es/es/proyectos-de-ley?p_p_id=iniciativas&p_p_lifecycle=0&p_p_state=normal&p_p_mode=view&_iniciativas_mode=mostrarDetalle&_iniciativas_legislatura=XV&_iniciativas_id=121/000020,https://www.boe.es/boe/dias/2025/09/30/pdfs/BOE-A-2025-19339.pdf,20/10/2025,,
COMIENZO DEL PARLAMENTIAUE,,,,,,,,,,,,,,,,
12/2023,Otros,"Ley Orgánica 2/2024, de 1 de agosto, de representación paritaria y presencia equilibrada de mujeres y hombres.",Trasposición,Igualdad,Concluida,Aprobado con modificaciones,Sí,SÍ,(UE) 2022/2381,,El texto traspone la Directiva (UE) 2022/2381 que busca lograr una representación más equilibrada de mujeres y hombres entre los administradores de las sociedades cotizadas.,https://www.congreso.es/es/proyectos-de-ley?p_p_id=iniciativas&p_p_lifecycle=0&p_p_state=normal&p_p_mode=view&_iniciativas_mode=mostrarDetalle&_iniciativas_legislatura=XV&_iniciativas_id=121/000001,https://www.boe.es/buscar/act.php?id=BOE-A-2024-15936,22/08/2024,,
1/2024,Proyecto de ley,"Proyecto de Ley por la que se aprueban medidas urgentes para la ejecución del Plan de Recuperación, Transformación y Resiliencia en materia de servicio público de justicia, función pública, régimen local y mecenazgo",Aviso, Adm. Publica,En tramitación,En la comisión de Justicia (informe),No,,,910/2014,* Se incorpora el Reglamento (UE) Nº 910/2014 en cuanto a la identificación por medios electrónicos en la Administración de Justicia.,https://www.congreso.es/es/proyectos-de-ley?p_p_id=iniciativas&p_p_lifecycle=0&p_p_state=normal&p_p_mode=view&_iniciativas_mode=mostrarDetalle&_iniciativas_legislatura=XV&_iniciativas_id=121%2F000002,,,,
1/2024,Otros,"Ley 1/2025, de 1 de abril, de prevención de las pérdidas y el desperdicio alimentario",Aviso,"Agricult, Pesca, Alimentacion",Concluida,Aprobado con modificaciones,No,,(UE) 2008/98/CE,,* Los Estados miembros deben establecer sistemas de medición para conocer los residuos alimentarios generados y su evolución (Directiva 2008/98/CE).,https://www.congreso.es/es/proyectos-de-ley?p_p_id=iniciativas&p_p_lifecycle=0&p_p_state=normal&p_p_mode=view&_iniciativas_mode=mostrarDetalle&_iniciativas_legislatura=XV&_iniciativas_id=121/000004,https://www.boe.es/boe/dias/2025/04/02/pdfs/BOE-A-2025-6597.pdf,2/01/2025,,
1/2024,Proyecto de ley,"Proyecto de Ley por la que se crea la Agencia Estatal de Salud Pública y se modifica la Ley 33/2011, de 4 de octubre, General de Salud Pública",Aviso,Sanidad y Consumo,Decaída,Rechazado,No,,,528/2012 y 2016/679,"* Tasas exigibles por los servicios y actividades realizados en materia de plaguicidas de uso ambiental y en la industria alimentaria, así como para todos los biocidas en general (Reglamento (UE) Nº 528/2012). Se ampara también en el Reglamento (UE) 2016/679 sobre uso de datos de salud personales",https://www.congreso.es/es/proyectos-de-ley?p_p_id=iniciativas&p_p_lifecycle=0&p_p_state=normal&p_p_mode=view&_iniciativas_mode=mostrarDetalle&_iniciativas_legislatura=XV&_iniciativas_id=121/000007,,,,
1/2024,Proyecto de ley,"Proyecto de Ley por la que se adoptan medidas para afrontar las consecuencias económicas y sociales derivadas de los conflictos en Ucrania y Oriente Próximo, así como para paliar los efectos de la sequía (procedente del Real Decreto-ley 8/2023, de 27 de diciembre).",Aviso,Medidas Economicas,En tramitación,En la comisión de Hacienda y Función Pública (Informe),No,,,2022/2560,"* Modifica leyes para poder atenerse a la entrada en vigor (en enero de 2024) del Reglamento (UE) 2022/2560, que establece los procedimientos para investigar y corregir las subvenciones extranjeras que distorsionen el mercado interior de la UE.",https://www.congreso.es/es/proyectos-de-ley?p_p_id=iniciativas&p_p_lifecycle=0&p_p_state=normal&p_p_mode=view&_iniciativas_mode=mostrarDetalle&_iniciativas_legislatura=XV&_iniciativas_id=121%2F000003,,,,
1/2024,Otros,"Ley 1/2024, de 7 de junio, por la que se regulan las enseñanzas artísticas superiores y se establece la organización y equivalencias de las enseñanzas artísticas profesionales.",Aviso,Educación,Concluida,Aprobado con modificaciones,No,,,,* El texto se inspira en los principios de protección y fomento del arte y la cultura que defiende la UE y en el compromiso adquirido en el marco del Proceso de Bolonia,https://www.congreso.es/es/proyectos-de-ley?p_p_id=iniciativas&p_p_lifecycle=0&p_p_state=normal&p_p_mode=view&_iniciativas_mode=mostrarDetalle&_iniciativas_legislatura=XV&_iniciativas_id=121%2F000005,https://www.boe.es/buscar/act.php?id=BOE-A-2024-11613,28/06/2024,,
2/2024,Proyecto de ley,"Proyecto de Ley por la que se modifican el texto refundido de la Ley del Estatuto de los Trabajadores, aprobado por el Real Decreto Legislativo 2/2015, de 23 de octubre, y otras disposiciones en materia laboral, para la transposición de la Directiva (UE) 2019/1152 del Parlamento Europeo y del Consejo, de 20 de junio de 2019, relativa a unas condiciones laborales transparentes y previsibles en la Unión Europea",Trasposición,Pol Social y Empleo,En tramitación,En la comisión de Trabajo (informe),Sí,SÍ,,,"Para cumplir con la directiva europea, la norma tiene por objeto promover unas condiciones laborales más transparentes y previsibles para los trabajadores de la UE que tengan un contrato de trabajo o una relación laboral.",https://www.congreso.es/es/proyectos-de-ley?p_p_id=iniciativas&p_p_lifecycle=0&p_p_state=normal&p_p_mode=view&_iniciativas_mode=mostrarDetalle&_iniciativas_legislatura=XV&_iniciativas_id=121/000008,,,,
2/2024,Proyecto de ley,Proyecto de Ley de Movilidad Sostenible,Aviso,"Transporte, Movilidad",En tramitación,Pleno aprobación,No,,(UE) 2010/40,,* Se desarrolla la Directiva 2010/40/UE por la que establece el marco para la implantación de los sistemas de transporte inteligentes en el sector del transporte por carretera y para las interfaces con otros modos de transporte.,https://www.congreso.es/es/proyectos-de-ley?p_p_id=iniciativas&p_p_lifecycle=0&p_p_state=normal&p_p_mode=view&_iniciativas_mode=mostrarDetalle&_iniciativas_legislatura=XV&_iniciativas_id=121/000009,,,,
2/2024,Otros,"Ley 2/2024, de 1 de agosto, de creación de la Autoridad Administrativa Independiente para la Investigación Técnica de Accidentes e Incidentes ferroviarios, marítimos y de aviación civil.",Aviso,"Transporte, Movilidad",Concluida,Aprobado con modificaciones,No,,(UE) 2016/798,2009/2018 y 996/2010,"* Además de cumplir con la demanda europea de crear administraciones independientes para la investigación de accidentes, esta propuesta reúne en una única normativa los requisitos que establecen para cada tipo de investigación (marítima, ferrovial y aérea) las Directivas (UE) 2016/798 y (UE) 2009/2018 y el Reglamento (UE) 996/2010",https://www.congreso.es/es/proyectos-de-ley?p_p_id=iniciativas&p_p_lifecycle=0&p_p_state=normal&p_p_mode=view&_iniciativas_mode=mostrarDetalle&_iniciativas_legislatura=XV&_iniciativas_id=121%2F000010,https://www.boe.es/buscar/act.php?id=BOE-A-2024-15937,22/08/2024,,
3/2024,Proyecto de ley,"Proyecto de Ley de creación de la Oficina Española de Derechos de Autor y Conexos, O.A.",Aviso,Otros,En tramitación,En la comisión de Cultura (informe),No,,,,"* En línea con los compromisos adquiridos en el marco del PRTR, dentro del proyecto de ""Refuerzo de los derechos de autor y derechos conexos"" (Componente 24)",https://www.congreso.es/es/proyectos-de-ley?p_p_id=iniciativas&p_p_lifecycle=0&p_p_state=normal&p_p_mode=view&_iniciativas_mode=mostrarDetalle&_iniciativas_legislatura=XV&_iniciativas_id=121%2F000013,,,,
3/2024,Otros,"Ley 4/2024, de 8 de noviembre, básica de agentes forestales y medioambientales.",Aviso,"Sostenibilidad, CClimático, Econ Circular",Concluida,Aprobada con modificaciones,No,,,,"* En línea con la Estrategia en favor de los bosques de la Comisión Europea, actualizada en 2021 con objetivos para 2030",https://www.congreso.es/es/proyectos-de-ley?p_p_id=iniciativas&p_p_lifecycle=0&p_p_state=normal&p_p_mode=view&_iniciativas_mode=mostrarDetalle&_iniciativas_legislatura=XV&_iniciativas_id=121%2F000014,https://www.boe.es/boe/dias/2024/11/09/pdfs/BOE-A-2024-23271.pdf,10/11/2024,,
3/2024,Otros,"Ley Orgánica 1/2025, de 2 de enero, de medidas en materia de eficiencia del Servicio Público de Justicia",Trasposición,Justicia,Concluida,Aprobada con modificaciones,Sí,SÍ,(UE) 2020/1828,,La iniciativa incluye la Directiva (UE) 2020/1828 relativa a las acciones de representación para la protección de los intereses colectivos de los consumidores.,https://www.congreso.es/es/proyectos-de-ley?p_p_id=iniciativas&p_p_lifecycle=0&p_p_state=normal&p_p_mode=view&_iniciativas_mode=mostrarDetalle&_iniciativas_legislatura=XV&_iniciativas_id=121/000016,https://www.boe.es/boe/dias/2025/01/03/pdfs/BOE-A-2025-76.pdf,3/04/2025,https://www.boe.es/boe/dias/2025/01/11/pdfs/BOE-A-2025-461.pdf,
3/2024,Otros,"Ley Orgánica 4/2024, de 18 de octubre, por la que se modifica la Ley Orgánica 7/2014, de 12 de noviembre, sobre intercambio de información de antecedentes penales y consideración de resoluciones judiciales penales en la Unión Europea, para su adecuación a la normativa de la Unión Europea sobre el Sistema Europeo de Información de Antecedentes Penales (ECRIS).",Trasposición,Justicia,Concluida,Aprobada con modificaciones,Sí,SÍ,(UE) 2019/884,2019/816,"La trasposición de la Directiva (UE) 2019/884 y preceptos del Reglamento (UE) 2019/816 amplía la información sobre la identidad de personas con antecedentes penales, incorporando las huellas de ciudadanos que tengan dos nacionalidades. También busca fijar las circunstancias en las que la autoridad central autoriza a Eurojust a comunicar a un tercer Estado el nombre del Estado que posee la información que solicita.",https://www.congreso.es/es/proyectos-de-ley?p_p_id=iniciativas&p_p_lifecycle=0&p_p_state=normal&p_p_mode=view&_iniciativas_mode=mostrarDetalle&_iniciativas_legislatura=XV&_iniciativas_id=121/000017,https://www.boe.es/boe/dias/2024/10/19/pdfs/BOE-A-2024-21414.pdf,8/11/2024,,
1/2024,Real decreto-ley,"RDL 6/2023, de 19 de diciembre, por el que se aprueban medidas urgentes para la ejecución del Plan de Recuperación, Transformación y Resiliencia en materia de servicio público de justicia, función pública, régimen local y mecenazgo",Aviso, Adm. Publica,Concluida,Convalidado y tramitado como proyecto de ley,No,,,910/2014,* Se incorpora el Reglamento (UE) Nº 910/2014 en cuanto a la identificación por medios electrónicos en la Administración de Justicia.,https://www.congreso.es/es/busqueda-de-iniciativas?p_p_id=iniciativas&p_p_lifecycle=0&p_p_state=normal&p_p_mode=view&_iniciativas_mode=mostrarDetalle&_iniciativas_legislatura=XV&_iniciativas_id=130/000001,https://www.congreso.es/constitucion/ficheros/leyes_espa/rdl_006_2023.pdf,,,
,Real decreto-ley,"RDL 7/2023, de 19 de diciembre, por el que se adoptan medidas urgentes, para completar la transposición de la Directiva (UE) 2019/1158, del Parlamento Europeo y del Consejo, de 20 de junio de 2019, relativa a la conciliación de la vida familiar y la vida profesional de los progenitores y los cuidadores, y por la que se deroga la Directiva 2010/18/UE del Consejo, y para la simplificación y mejora del nivel asistencial de la protección por desempleo",Trasposición,Pol Social y Empleo,Decaída,Derogado,Sí,SÍ,,,La norma incorpora la directiva europea que recoge una serie de medidas para la conciliación familiar y profesional de los progenitores y los cuidadores.,,,,,
11/2023,Proposición de ley,Proposición de Ley Orgánica sobre crímenes de ETA sin resolver y sus víctimas para el cumplimiento del informe de 21 de abril de 2022 del Comité de Peticiones del Parlamento Europeo (PE702.917v03-00),Trasposición,Justicia,Decaída,Rechazado,Sí,SÍ,,,La iniciativa extrae las recomendaciones y/o las conclusiones del informe sobre la existencia de 379 asesinatos de ETA aún sin resolver del Comité de Peticiones del Parlamento Europeo.,https://www.congreso.es/es/proposiciones-de-ley?p_p_id=iniciativas&p_p_lifecycle=0&p_p_state=normal&p_p_mode=view&_iniciativas_mode=mostrarDetalle&_iniciativas_legislatura=XV&_iniciativas_id=122/000017,,,,
1/2024,Proposición de ley,Proposición de Ley relativa a la conservación del lobo en España y su cohabitación con la ganadería extensiva y la lucha contra el reto demográfico,Aviso,"Sostenibilidad, CClimático, Econ Circular",En tramitación,En la comisión de Transición Ecológica (enmiendas),No,,,,*Se pretende dar cumplimiento a los preceptos de una directiva europea sobre la conservación de los hábitats naturales y de la flora y fauna silvestres.,https://www.congreso.es/es/proposiciones-de-ley?p_p_id=iniciativas&p_p_lifecycle=0&p_p_state=normal&p_p_mode=view&_iniciativas_mode=mostrarDetalle&_iniciativas_legislatura=XV&_iniciativas_id=122/000052,,,https://www.newtral.es/proteccion-lobo/20250528/,
2/2024,Proposición de ley,Proposición de Ley de Familias,Aviso,Pol Social y Empleo,En tramitación,Pleno toma en consideración,No,,(UE) 2019/1158,,* Se incluye la directiva europea 2019/1158 relativa a la conciliación de la vida familiar y la vida profesional de los progenitores y los cuidadores (amplía el permiso de cuidado retribuido anual),https://www.congreso.es/es/proposiciones-de-ley?p_p_id=iniciativas&p_p_lifecycle=0&p_p_state=normal&p_p_mode=view&_iniciativas_mode=mostrarDetalle&_iniciativas_legislatura=XV&_iniciativas_id=122/000059,,,,
3/2024,Proposición de ley,"Proposición de Ley por la que se modifica la Ley 12/2013, de 2 de agosto, de medidas para mejorar el funcionamiento de la cadena alimentaria",Aviso,"Agricult, Pesca, Alimentacion",En tramitación,En la comisión de Agricultura (enmiendas),No,,(UE) 2019/633,,"* Se da cumplimiento a la directiva europea 2019/633 relativa a las prácticas comerciales desleales, y se prohíbe la reventa a pérdidas en la cadena alimentaria.",https://www.congreso.es/es/proposiciones-de-ley?p_p_id=iniciativas&p_p_lifecycle=0&p_p_state=normal&p_p_mode=view&_iniciativas_mode=mostrarDetalle&_iniciativas_legislatura=XV&_iniciativas_id=122/000064,,,,
3/2024,Proposición de ley,"Proposición de Ley Orgánica contra el racismo, la discriminación racial y formas conexas de intolerancia",Aviso,Pol Social y Empleo,En tramitación,Pleno toma en consideración,No,,(UE) 2000/43/CE,,* La propuesta no se olvida de la directiva europea relativa a la aplicación del principio de igualdad de trato de las personas (Directiva 2000/43/CE).,https://www.congreso.es/es/proposiciones-de-ley?p_p_id=iniciativas&p_p_lifecycle=0&p_p_state=normal&p_p_mode=view&_iniciativas_mode=mostrarDetalle&_iniciativas_legislatura=XV&_iniciativas_id=122/000067,,,,
3/2024,Proposición de ley,"Proposición de Ley Orgánica contra la trata de mujeres, niñas y niños, especialmente con fines de explotación sexual",Trasposición,Pol Social y Empleo,En tramitación,Pleno toma en consideración,Sí,SÍ,(UE) 2011/93 y (UE) 2011/36,,El texto pretende dar respuesta a dos directivas europeas: una contra los abusos sexuales y la explotación sexual de los menores y la pornografía infantil (mejora de la transposición de la Directiva 2011/93/UE); y otra sobre la prevención y la lucha contra la trata de seres humanos y sobre la protección de las víctimas (Directiva 2011/36/UE).,https://www.congreso.es/es/proposiciones-de-ley?p_p_id=iniciativas&p_p_lifecycle=0&p_p_state=normal&p_p_mode=view&_iniciativas_mode=mostrarDetalle&_iniciativas_legislatura=XV&_iniciativas_id=122/000069,,,,
3/2024,Proposición de ley,Proposición de Ley sobre acceso al derecho de asilo y solicitudes de protección internacional en embajadas y consulados,Trasposición,Polit. Migratoria,En tramitación,Pleno toma en consideración,Sí,SÍ,,,La presente iniciativa da cumplimiento a una directiva europea al establecer que la formulación o acto de expresar la voluntad de solicitar protección internacional pueda realizarse por cualquier medio admitido en derecho.,https://www.congreso.es/es/proposiciones-de-ley?p_p_id=iniciativas&p_p_lifecycle=0&p_p_state=normal&p_p_mode=view&_iniciativas_mode=mostrarDetalle&_iniciativas_legislatura=XV&_iniciativas_id=122/000071,,,,
3/2024,Proposición de ley,Proposición de Ley Orgánica de regulación de las simulaciones de imágenes y voces de personas generadas por medio de la inteligencia artificial,Aviso,Otros,En tramitación,Pleno toma en consideración,No,,,2022/2065,* Se establece como base para un aspecto en concreto sobre los prestadores de plataformas en línea y de motores de búsqueda en línea el Reglamento (UE) 2022/2065.,https://www.congreso.es/es/proposiciones-de-ley?p_p_id=iniciativas&p_p_lifecycle=0&p_p_state=normal&p_p_mode=view&_iniciativas_mode=mostrarDetalle&_iniciativas_legislatura=XV&_iniciativas_id=122/000073,,,,
4/2024,Proposición de ley,Proposición de Ley de modificación de la prescripción de los delitos contra la libertad sexual cometidos contra menores de edad (Orgánica),Trasposición,Justicia,En tramitación,Comisión de Justicia (enmiendas),Sí,SÍ,(UE) 2011/93,,Mejora la trasposición de la Directiva 2011/ 93/UE (traspuesta en Ley Orgánica 1/2015) para que el plazo de prescripción tenga la duración suficiente para permitir el inicio efectivo de las actuaciones judiciales después de que la víctima haya alcanzado la mayoría de edad y que las penas sean proporcionales a la gravedad del delito.,https://www.congreso.es/es/proposiciones-de-ley?p_p_id=iniciativas&p_p_lifecycle=0&p_p_state=normal&p_p_mode=view&_iniciativas_mode=mostrarDetalle&_iniciativas_legislatura=XV&_iniciativas_id=125/000007,,,,
5/2024,Proposición de ley,Proposición de Ley Orgánica de garantía del derecho a la información veraz y lucha contra la desinformación,Trasposición,Otros,En tramitación,Pleno toma en consideración,Sí,SÍ,,2024/1083,"* La proposición va en consonancia con el Reglamento (UE) 2024/1083, conocido como la ley europea de libertad de los medios de comunicación.",https://www.congreso.es/es/proposiciones-de-ley?p_p_id=iniciativas&p_p_lifecycle=0&p_p_state=normal&p_p_mode=view&_iniciativas_mode=mostrarDetalle&_iniciativas_legislatura=XV&_iniciativas_id=122/000107,,,,